datetime,trafo_p_hv_mw,trafo_q_hv_mvar,trafo_p_lv_mw,trafo_q_lv_mvar,trafo_pl_mw,trafo_ql_mvar,trafo_i_hv_ka,trafo_i_lv_ka,trafo_vm_hv_pu,trafo_va_hv_degree,trafo_vm_lv_pu,trafo_va_lv_degree,trafo_loading_percent,load_p_LV1.101 Bus 10,load_p_LV1.101 Bus 8,load_p_LV1.101 Bus 14,load_p_LV1.101 Bus 13,load_p_LV1.101 Bus 9,load_p_LV1.101 Bus 6,load_p_LV1.101 Bus 3,load_p_LV1.101 Bus 1,load_p_LV1.101 Bus 7,load_p_LV1.101 Bus 12,load_p_LV1.101 Bus 11,load_p_LV1.101 Bus 2,load_p_LV1.101 Bus 5,load_q_LV1.101 Bus 10,load_q_LV1.101 Bus 8,load_q_LV1.101 Bus 14,load_q_LV1.101 Bus 13,load_q_LV1.101 Bus 9,load_q_LV1.101 Bus 6,load_q_LV1.101 Bus 3,load_q_LV1.101 Bus 1,load_q_LV1.101 Bus 7,load_q_LV1.101 Bus 12,load_q_LV1.101 Bus 11,load_q_LV1.101 Bus 2,load_q_LV1.101 Bus 5,sgen_p_LV1.101 Bus 7,sgen_p_LV1.101 Bus 11,sgen_p_LV1.101 Bus 8,sgen_p_LV1.101 Bus 13,interval_index,hour_of_day,day_of_week,month_of_year,sin_hour_of_day,sin_day_of_week,sin_month_of_year,is_weekend_1
2016-09-13,-0.13527578357473688,0.03608349772814116,0.1374846790449555,-0.0317132319219203,0.002208895470218553,0.004370265806220808,0.003943278673357447,0.1978242054568229,1.025,0.0,1.0295124860779072,1.8911632146125292,85.66039370454041,0.0019356317499999917,0.0003205737187499937,0.001362545833333326,0.00016129772916666354,0.0012904211666666583,0.0008175274999999907,0.002180073333333327,0.0045164740833333284,0.0009678158749999916,0.0032701099999999906,0.00015891266666666145,0.0010900366666666604,0.0045164740833333284,0.0008876840741457907,5.0260690979165626e-05,0.0007338040666666396,3.073646416666667e-05,0.0005919141801874698,0.00044043098333331767,0.0011742350499999708,0.0020715124345207967,0.0004440292332083219,0.0017613525749999748,2.5178698958332292e-05,0.0005871175249999709,0.0020715124345207967,0.002499364094583331,0.0056215244166060935,0.001117198950052075,0.0014371343543854124,31.0,11.5,1.0,8.0,-1.1564823173178714e-17,0.7818314824680298,-0.8660254037844385,0.0
2016-09-14,-0.13388621195328654,0.03599902103999017,0.1360619431427123,-0.03171263399917803,0.002175731189425721,0.004286387040812088,0.0039048738427863573,0.1959035533972466,1.025,0.0,1.029396710736444,1.8733965786137503,84.82872696682843,0.0020877676249999927,0.0003123099999999906,0.001423729114583324,0.0002088293541666625,0.0013918450833333281,0.0008542374687499969,0.002277966583333328,0.004871457791666661,0.0010438838124999926,0.003416949874999997,0.00011276910416666458,0.0011389832916666614,0.004871457791666661,0.0009017258770832865,3.762426866666563e-05,0.0007656332894166355,1.5164058229166666e-05,0.0006012773562499625,0.0004595349601458198,0.0012251682495624718,0.0021042805895832924,0.00045105309583331354,0.0018377523743437292,1.1112576145832292e-05,0.0006125841247812219,0.0021042805895832924,0.002414186144999994,0.00344535280009425,0.0010341417778749896,0.0013881570333749854,31.0,11.5,2.0,8.0,-1.1564823173178714e-17,0.9749279121818236,-0.8660254037844385,0.0
2016-09-15,-0.1343586998147017,0.036029661100047496,0.1365465618053751,-0.031712589213905226,0.0021878619906733686,0.004317071886142218,0.0039179988633138456,0.19655990810450627,1.025,0.0,1.029435893787022,1.8794379268705264,85.11293689201861,0.0019516625624999926,0.0002829595937499927,0.0015029107812499917,0.00014889704166666352,0.0013011083749999938,0.0009017464687499937,0.002404657249999995,0.004553879312499995,0.0009758312812499927,0.003606985874999994,0.00014082979166666146,0.0012023286249999948,0.004553879312499995,0.000891959777479123,3.7101749187496874e-05,0.0007889008952499645,2.1812936874999997e-05,0.0005947652501874697,0.0004735002336874802,0.0012624011289374677,0.002081490277854127,0.0004461679865416489,0.0018936016934062258,1.4534066145833333e-05,0.0006312005644687177,0.002081490277854127,0.0018490737724999968,0.0031429760667167814,0.0008874280024062396,0.0010632174191874918,31.0,11.5,3.0,8.0,-1.1564823173178714e-17,0.43388373911755823,-0.8660254037844385,0.0
2016-09-16,-0.13165030155951904,0.03586980540752694,0.13377507898639915,-0.03171227919247563,0.0021247774268800396,0.004157526215051257,0.003843258439531899,0.1928220312214092,1.025,0.0,1.0292096092504563,1.8448169760958173,83.49438872352829,0.0023521839999999915,0.0003137346562499937,0.0015020008854166602,0.000150531125,0.0015681226666666573,0.0009012005312499938,0.0024032014166666623,0.005488429333333329,0.0011760919999999917,0.0036048021249999937,0.00014966629166665937,0.0012016007083333292,0.005488429333333329,0.0009244286466457844,2.8408233291664585e-05,0.0008103361521666312,1.6447215729166668e-05,0.0006164157276874761,0.00048636572695831044,0.0012967018791249687,0.002157260102020802,0.0004624092682083125,0.001945052818687473,1.3276575416666666e-05,0.0006483509395624687,0.002157260102020802,0.005186985947916666,0.009200767401675,0.002401841292083327,0.002982516920052079,31.0,11.5,4.0,8.0,-1.1564823173178714e-17,-0.433883739117558,-0.8660254037844385,0.0
2016-09-17,-0.13063012783816638,0.03580946341208636,0.13273124127001162,-0.03171178489753546,0.002101113431845205,0.004097678514550839,0.0038151048137916384,0.1914140281960912,1.025,0.0,1.029124432689426,1.831774483762725,82.88470552926292,0.002426219124999993,0.00031211996874999377,0.0015902579687499926,0.00013728399999999688,0.0016174794166666593,0.0009541547812499937,0.0025444127499999946,0.005661177958333332,0.0012131095624999927,0.0038166191249999937,0.0001388986041666625,0.0012722063749999947,0.005661177958333332,0.0008847416137499562,3.349125633333229e-05,0.0007902017619166375,5.161613124998957e-06,0.0005899521262499843,0.0004742810170208177,0.0012644827789374772,0.0020646458662499675,0.00044255738249997814,0.001896724168406226,1.2253064583333332e-05,0.0006322413894687271,0.0020646458662499675,0.0030882181499999983,0.005716663468725656,0.0013989554909270752,0.0017757254362499968,31.0,11.5,5.0,8.0,-1.1564823173178714e-17,-0.9749279121818236,-0.8660254037844385,1.0
2016-09-18,-0.13134241150899037,0.0358554179585138,0.13346163539689862,-0.03171192974751818,0.002119223887908212,0.004143488210995564,0.003834862892696304,0.19240210645331704,1.025,0.0,1.0291835043674813,1.8408829186159967,83.31255596510523,0.00230184253608247,0.0002627455360824722,0.001612275360824731,0.00016517950515463505,0.0015345616907216433,0.0009673652164948433,0.0025796405773195804,0.005370965917525767,0.001150921268041233,0.0038694608659793793,0.00013859618556700517,0.0012898202886597865,0.005370965917525767,0.0008945476725463537,3.78946562886567e-05,0.0008094828431339855,1.824025298969072e-05,0.0005964908773917288,0.00048585356880411027,0.0012953364119381102,0.0020875294273298693,0.0004474624798144258,0.0019430046179071887,1.8320393195876287e-05,0.0006476682059690381,0.0020875294273298693,0.004061845565360824,0.006550439846558103,0.001578865036865968,0.002335561200082465,31.989690721649485,11.381443298969073,6.0,8.0,-1.1445598192011922e-17,-0.78183148246803,-0.8660254037844385,1.0
2016-09-19,-0.13467819720918747,0.03604932680203465,0.13687294512712375,-0.031714841826211565,0.002194747917936228,0.004334484975823031,0.003926786318961878,0.19699940351351353,1.025,0.0,1.029462242959984,1.8835330446660625,85.30324398654206,0.002271048312499992,0.00034640946874999167,0.0011105572916666584,0.00011642154166666667,0.001514032208333322,0.0006663343749999917,0.0017768916666666603,0.00529911272916666,0.0011355241562499916,0.0026653374999999918,0.00010627322916666563,0.0008884458333333271,0.00529911272916666,0.0008405989284999521,2.8883250999996874e-05,0.000653412256249974,9.302579166666667e-06,0.0005605174634999728,0.0003921796234374833,0.001045591879687474,0.0019616338554999686,0.00042047673099998025,0.001568387819531227,1.09663603125e-05,0.000522795939843724,0.0019616338554999686,0.0039506479241666614,0.006443394753214125,0.0021841113547604084,0.002271622556395823,32.0,11.5,0.0,8.0,-1.1564823173178714e-17,0.0,-0.8660254037844385,0.0
2016-09-20,-0.13057827165349126,0.035809370015542824,0.13267892757406366,-0.03171284486008123,0.0021006559205723626,0.004096525155461545,0.0038137285987454145,0.19134517696372233,1.025,0.0,1.0291196498847115,1.8311189894210402,82.85489207110625,0.002570938562499995,0.0003291697812499927,0.0014494777604166563,0.00010302862499999791,0.0017139590416666592,0.0008696866562499937,0.0023191644166666624,0.0059988566458333255,0.0012854692812499949,0.0034787466249999936,0.00011777252083332812,0.0011595822083333293,0.0059988566458333255,0.0008965775469582813,3.3918784624996874e-05,0.000751105037583299,4.111793645833334e-06,0.0005978444123749719,0.00045081506810415624,0.0012019201056874707,0.002092266371708298,0.0004484778450833114,0.001802880158531226,1.818955249999896e-05,0.0006009600528437208,0.002092266371708298,0.004587339081666666,0.007104537681543,0.0021605652411874894,0.0026377199719583295,32.0,11.5,1.0,8.0,-1.1564823173178714e-17,0.7818314824680298,-0.8660254037844385,0.0
2016-09-21,-0.13073183785197787,0.035819094456207144,0.13283613126126217,-0.031713369400242004,0.0021042934092842646,0.004105725055965089,0.0038179808448270992,0.19155783040480415,1.025,0.0,1.029132348467849,1.8330848195820721,82.94697371219578,0.0026351887499999906,0.00028832628124999583,0.0013601151041666574,9.908962499999791e-05,0.0017567924999999937,0.0008160690624999896,0.0021761841666666647,0.006148773749999995,0.0013175943749999905,0.0032642762499999894,0.00013687964583332396,0.0010880920833333313,0.006148773749999995,0.0008920738324582834,3.586656724999896e-05,0.0007394957905833,8.77769e-06,0.000594841302874975,0.00044384716985415313,0.0011833429604374728,0.0020817564382082927,0.00044622503808331663,0.0017750144406562353,9.474914375e-06,0.000591671480218723,0.0020817564382082927,0.0021404913154166624,0.0042420653300143125,0.0010110388852187303,0.001230782506364572,32.0,11.5,2.0,8.0,-1.1564823173178714e-17,0.9749279121818236,-0.8660254037844385,0.0
2016-09-22,-0.1324174235498891,0.03591421055058244,0.13455941360109616,-0.031713155082648714,0.002141990051206998,0.0042010554679336835,0.0038643752169558654,0.1938781434314204,1.025,0.0,1.0292737077323586,1.854626075933229,83.95169872508659,0.0023827977525773094,0.00030142874226803503,0.0013555165463917432,8.767212371134021e-05,0.00158853183505154,0.0008133099278350454,0.002168826474226798,0.005559861422680407,0.0011913988762886495,0.0032532397113401996,0.00016654111340205668,0.001084413237113396,0.005559861422680407,0.0008803989622576815,3.4509433257729895e-05,0.0007252418481649134,6.868952268041238e-06,0.000587056414731934,0.0004352919189896732,0.0011605337671546125,0.0020545117917216125,0.00044038514096904845,0.001740800650731936,2.471661597937938e-05,0.0005802668835772928,0.0020545117917216125,0.002372992676701027,0.004865155078016412,0.0012525797080824661,0.0013644707891030834,32.98969072164948,11.381443298969073,3.0,8.0,-1.1445598192011922e-17,0.43388373911755823,-0.8660254037844385,0.0
2016-09-23,-0.1316579247678564,0.03587314612370487,0.13378357697317558,-0.03171340403289335,0.0021256522053191406,0.004159742090811468,0.0038435223097428753,0.1928352035007771,1.025,0.0,1.0292097975482712,1.8449219843299485,83.50009248780746,0.0024987895624999927,0.00031848406249999586,0.0013565730729166584,8.059066666666667e-05,0.0016658597083333282,0.000813943843749998,0.002170516916666665,0.005830508979166663,0.0012493947812499927,0.0032557753749999983,0.00013240272916666457,0.0010852584583333311,0.005830508979166663,0.00088518884362495,3.92394153541625e-05,0.0007762655279166334,1.08482059375e-05,0.0005902503423749729,0.0004659164555208208,0.0012421819834374688,0.0020656895283749635,0.00044278109174997817,0.0018632729751562268,2.0909209791665623e-05,0.0006210909917187187,0.0020656895283749635,0.004643471319999994,0.007257473735923969,0.002198543959010406,0.0026699960089999913,33.0,11.5,4.0,8.0,-1.1564823173178714e-17,-0.433883739117558,-0.8660254037844385,0.0
2016-09-24,-0.13039492600915617,0.035797999667208764,0.132491424342631,-0.03171198907511854,0.002096498333474797,0.004086010592090185,0.0038086915789470343,0.19109325027617663,1.025,0.0,1.0291044874134923,1.8287707918125562,82.74580461545334,0.002485245624999998,0.0003662614374999958,0.0015419182291666542,0.00026032897916666566,0.0016568304166666551,0.0009251509374999938,0.002467069166666658,0.005798906458333333,0.001242622812499998,0.0037006037499999933,0.00010703412499999895,0.0012335345833333251,0.005798906458333333,0.0009183944763437053,5.543881639583125e-05,0.000813469182499974,4.00390515625e-05,0.0006123920991562291,0.0004882461793749833,0.001301715361874974,0.0021431786746562167,0.0004593909105624864,0.0019525730428124716,1.0673871041666667e-05,0.000650857680937474,0.0021431786746562167,0.0,0.0006114468449086875,4.4450490302081246e-05,0.0,33.0,11.5,5.0,8.0,-1.1564823173178714e-17,-0.9749279121818236,-0.8660254037844385,1.0
2016-09-25,-0.13193786199990773,0.03588278714657995,0.13406838396769274,-0.031710737338114796,0.002130521967784973,0.004172049808465098,0.003851109930375647,0.19321473632630984,1.025,0.0,1.0292342572822057,1.8484823747953005,83.66443502204818,0.002062179687499998,0.00035956490624999685,0.0017508321354166572,0.00016701687499999791,0.001374786458333327,0.0010504992812499958,0.00280133141666666,0.004811752604166663,0.0010310898437499978,0.004201997124999996,0.00018717818749999584,0.0014006657083333273,0.004811752604166663,0.0009174647232707865,2.6698045999997916e-05,0.0008528894356666333,1.8867635833333336e-05,0.0006117721330624761,0.000511906311083323,0.0013647957467499583,0.0021410089893958042,0.0004589258379583229,0.002047193620124975,1.4300102708330207e-05,0.0006823978733749584,0.0021410089893958042,0.0013151839641666635,0.002209268234620125,0.0007248374756354104,0.0007562307793958228,33.0,11.5,6.0,8.0,-1.1564823173178714e-17,-0.7818314824680299,-0.8660254037844385,1.0
2016-09-26,-0.13867470169692703,0.03628838402144915,0.1409637746725868,-0.0317153381091692,0.0022890729756597184,0.004573045912279902,0.00403716491522877,0.20251954853959347,1.025,0.0,1.0297957926032517,1.9346222597146794,87.69353689912184,0.0016983134845360741,0.0003577852577319546,0.0010665897938144247,0.00011146727835051134,0.0011322089896907144,0.0006399538762886547,0.0017065436701030874,0.003962731463917517,0.000849156742268033,0.002559815505154634,0.00020276847422679998,0.0008532718350515412,0.003962731463917517,0.0008958498404123309,4.24081443505134e-05,0.000670434941773166,6.695763092783506e-06,0.0005973591723711113,0.0004023966806391557,0.0010728316224123463,0.002090568185154609,0.00044811383835049995,0.0016092474336185372,9.3193693814433e-06,0.0005364158112061608,0.002090568185154609,0.0010337234540206146,0.002330949992544464,0.0005626136890824681,0.0005943909860618485,33.98969072164948,11.381443298969073,0.0,8.0,-1.1445598192011922e-17,0.0,-0.8660254037844385,0.0
2016-09-27,-0.13090415959123888,0.03583005671283463,0.13301342897060311,-0.03171174309027875,0.002109269379364176,0.0041183136225558395,0.0038228104703874927,0.19179932022213733,1.025,0.0,1.0291468475866055,1.8352803643321114,83.05154187047869,0.002338359437499995,0.0004274790312499927,0.0015986370312499948,0.00021419820833332813,0.0015589062916666584,0.0009591822187499948,0.002557819249999997,0.00545617202083333,0.0011691797187499949,0.003836728874999995,0.00021128866666666354,0.0012789096249999968,0.00545617202083333,0.0009385143624791229,4.717279172916354e-05,0.0008411640780832875,1.4989147291665626e-05,0.0006258081851874635,0.000504868722979151,0.0013460328010624781,0.0021901307328541374,0.0004694550965416531,0.0020190492015937323,2.9828490833332294e-05,0.0006730164005312281,0.0021901307328541374,0.0020396371341666634,0.00315817398667125,0.0011099339558749864,0.0011727913521458301,34.0,11.5,1.0,8.0,-1.1564823173178714e-17,0.7818314824680298,-0.8660254037844385,0.0
2016-09-28,-0.13211953529317325,0.03589945327192389,0.13425591029654507,-0.031712592774102565,0.002136375003371772,0.004186860497821277,0.0038562451761272576,0.1934714997893285,1.025,0.0,1.0292485684313337,1.8508179756210599,83.77561686291709,0.002293206312499996,0.0004280489062499927,0.001471860989583326,0.00010547966666666562,0.0015288042083333282,0.0008831165937499959,0.002354977583333326,0.005350814729166661,0.0011466031562499957,0.003532466374999996,0.0001946686874999906,0.0011774887916666595,0.005350814729166661,0.0009217887357291302,5.140084466666354e-05,0.000816064493833301,8.83597718749896e-06,0.0006146554159374802,0.0004898038915416458,0.001305868385374973,0.002151099567604135,0.00046108875604165307,0.001958802578062476,1.848196770833229e-05,0.0006529341926874728,0.002151099567604135,0.0027107836841666643,0.004791595394635874,0.0013516002754791522,0.0015587006183958249,34.0,11.5,2.0,8.0,-1.1564823173178714e-17,0.9749279121818236,-0.8660254037844385,0.0
2016-09-29,-0.13528420193783283,0.036083252588156096,0.13749319704711085,-0.03171273536291939,0.002208995109277978,0.0043705172252366635,0.00394350422548607,0.19783548724585664,1.025,0.0,1.029513328520384,1.8912678764609583,85.66527886249209,0.0018418243124999894,0.0003896276249999958,0.0014535084374999927,9.906054166666563e-05,0.0012278828749999885,0.0008721050624999979,0.0023256134999999926,0.004297590062499998,0.0009209121562499895,0.0034884202499999976,0.00020371010416666042,0.0011628067499999926,0.004297590062499998,0.0008903240591562094,3.3016226270827084e-05,0.000781816770583298,6.8530278125e-06,0.0005936745413437323,0.00046924832485414474,0.0012510650954374667,0.002077673141843719,0.00044534978243748546,0.0018765976431562176,3.2372718749997915e-05,0.0006255325477187167,0.002077673141843719,0.002203591835416667,0.002988309460281469,0.0012117682940729103,0.001267065305364578,34.0,11.5,3.0,8.0,-1.1564823173178714e-17,0.43388373911755823,-0.8660254037844385,0.0
2016-09-30,-0.13252960401814842,0.03592525443256069,0.13467626573488709,-0.03171237475888259,0.0021466617167386127,0.004212879673678062,0.003867625580565624,0.19404061343843795,1.025,0.0,1.0292826827580963,1.856059686188381,84.02205030180171,0.0021725176874999893,0.0003185789999999927,0.0015658591145833259,8.050302083333229e-05,0.0014483451249999873,0.0009395154687499959,0.0025053745833333303,0.005069207937499991,0.0010862588437499895,0.0037580618749999957,0.000132432,0.0012526872916666634,0.005069207937499991,0.0009500344834270417,2.6983068979166667e-05,0.0008458542169999771,4.928332708333333e-06,0.000633489885406226,0.0005076837557499885,0.0013535379727499708,0.002217014254239552,0.0004752175863958156,0.0020303069591249686,1.6113218541663542e-05,0.0006767689863749709,0.002217014254239552,0.00449285961083333,0.007366356983755688,0.0021474286176354084,0.002583394276229159,34.0,11.5,4.0,8.0,-1.1564823173178714e-17,-0.433883739117558,-0.8660254037844385,0.0
2016-10-01,-0.13121681733773893,0.03584535291349393,0.13333251278754077,-0.03171079145499855,0.002115695449801777,0.004134561458495324,0.0038313487112891453,0.192226378910883,1.025,0.0,1.0291734334277016,1.8392701158597218,83.23646370715899,0.0021574388749999915,0.00031316487499999374,0.0017591132812499926,0.00021122191666666251,0.001438292583333326,0.0010554679687499958,0.0028145812499999947,0.0050340240416666595,0.0010787194374999916,0.0042218718749999955,0.00022117856249999376,0.0014072906249999947,0.0050340240416666595,0.0009541785468645396,2.4892842812498958e-05,0.0008844378399999563,2.4700008333333336e-05,0.0006362531769687198,0.000530841739999975,0.0014152795799999647,0.002226684900802049,0.0004772904920208188,0.002122919369999971,3.152460437499688e-05,0.0007076397899999646,0.002226684900802049,0.004800884626249998,0.008042980371049968,0.0023115424234895687,0.0027605086600937384,34.0,11.5,5.0,9.0,-1.1564823173178714e-17,-0.9749279121818236,-1.0,1.0
2016-10-02,-0.12918341162018007,0.035732480406526705,0.13125423770925895,-0.03171138534886341,0.002070826089078828,0.004021095057663239,0.0037754339056566663,0.1894298938039386,1.025,0.0,1.0290026591236356,1.8132867935308417,82.02555013519964,0.002491929874999996,0.0004152734687499948,0.0017285155208333302,8.45587916666646e-05,0.001661286583333326,0.0010371093124999938,0.0027656248333333285,0.005814503041666661,0.0012459649374999958,0.004148437249999993,0.00023264872916665938,0.0013828124166666617,0.005814503041666661,0.0009838892020937126,6.0521876499998956e-05,0.0008663612684999697,1.9829822916666667e-06,0.0006560644574062197,0.0005199921378749844,0.001386353406374969,0.0022960181169062186,0.0004921520850624865,0.0020795301095624685,2.6991888854165627e-05,0.0006931767031874686,0.0022960181169062186,0.0017973343491666613,0.004234848134086969,0.0010960075979166563,0.001033467250770828,34.0,11.5,6.0,9.0,-1.1564823173178714e-17,-0.7818314824680299,-1.0,1.0
2016-10-03,-0.13639219536062397,0.03614967722997892,0.13862716365675953,-0.031713470912917596,0.0022349682961354876,0.00443620631706128,0.003974099580566155,0.19936559617664001,1.025,0.0,1.029605716504003,1.9054347591635665,86.32783546480002,0.001786426391752571,0.00030166397938143606,0.0013418381443298906,0.00017791439175257628,0.0011909509278350485,0.000805102886597931,0.0021469410309278287,0.004168328247422678,0.0008932131958762825,0.0032204115463917455,0.0001701899381443258,0.0010734705154639113,0.004168328247422678,0.000897915665824702,4.250210734020206e-05,0.0007465891058144082,1.821128360824742e-05,0.0005987366797422515,0.0004481045948865845,0.001194693700701004,0.0020953890253092495,0.0004491471867010196,0.0017920405510515236,2.1996043298969073e-05,0.0005973468503504886,0.0020953890253092495,0.0025092759088659773,0.004504599242578021,0.0013134220083505053,0.0014428336475979311,34.98969072164948,11.381443298969073,0.0,9.0,-1.1445598192011922e-17,0.0,-1.0,0.0
2016-10-04,-0.13478747410358835,0.036060004765699635,0.13698722892155402,-0.0317128462350175,0.0021997548179656145,0.004347158530682089,0.003929962198815525,0.19715814512686555,1.025,0.0,1.029471137825348,1.8849238660712766,85.37198112144237,0.0018543774999999916,0.00032983462499998963,0.0015455644791666605,3.3817604166666665e-05,0.0012362516666666614,0.0009273386874999968,0.002472903166666661,0.004326880833333325,0.0009271887499999916,0.003709354749999997,0.00015949781249999167,0.001236451583333328,0.004326880833333325,0.0008618721085520343,4.6365286333331246e-05,0.0008224218827499688,-4.8992096875e-06,0.0005747025742812198,0.0004936196118124833,0.0013160414945624667,0.002011277257114552,0.00043111780714581455,0.001974062241843723,3.43905021875e-05,0.0006580207472812167,0.002011277257114552,0.0006889950141666625,0.0014579736821074688,0.00038638081373957813,0.000396172133145826,35.0,11.5,1.0,9.0,-1.1564823173178714e-17,0.7818314824680298,-1.0,0.0
2016-10-05,-0.13375442027737566,0.035995288274022035,0.13592879374316197,-0.03171232726370242,0.0021743734657862523,0.0042829610103195595,0.003901353669389226,0.19572744320473687,1.025,0.0,1.0293852868194253,1.8717137710673748,84.75246901653902,0.0019942982499999906,0.00029188834374999377,0.0015634283333333292,3.17751875e-05,0.0013295321666666584,0.0009380569999999886,0.0025014853333333305,0.004653362583333325,0.0009971491249999907,0.003752227999999988,0.00018881662499999584,0.0012507426666666635,0.004653362583333325,0.0008803518554374531,2.603294708333125e-05,0.0008236614110833062,-5.540722604166667e-06,0.0005870250035624729,0.000494363579729151,0.0013180249908124634,0.0020544018625624667,0.0004403615776249771,0.0019770374862187324,2.9419106249994792e-05,0.0006590124954062135,0.0020544018625624667,0.0004519003195833323,0.0006977575559683125,0.00023758931444791147,0.0002598426837604146,35.0,11.5,2.0,9.0,-1.1564823173178714e-17,0.9749279121818236,-1.0,0.0
2016-10-06,-0.13363661747813196,0.03598697463823875,0.13580773546071775,-0.031712249351820265,0.0021711179825857417,0.004274725286418439,0.0038980648223448065,0.19556298310789785,1.025,0.0,1.0293756021915514,1.870206558263039,84.6812557056533,0.0020175434999999886,0.0003306420624999927,0.0015482267187499916,8.245779166666563e-05,0.0013450289999999906,0.0009289360312499958,0.002477162749999993,0.004707601499999995,0.0010087717499999884,0.003715744124999996,0.00015908818749999791,0.0012385813749999927,0.004707601499999995,0.0008809483101249521,3.8526814666662496e-05,0.0008058048959999542,3.266115104166667e-06,0.000587422723874974,0.00048364605599998336,0.0012894509519999697,0.002055793757874965,0.0004406599307499813,0.001934176427999973,2.7167318229166667e-05,0.0006447254759999698,0.002055793757874965,0.0006448418004166666,0.0020156258668142814,0.00032756041562499375,0.00037078403523958125,35.0,11.5,3.0,9.0,-1.1564823173178714e-17,0.43388373911755823,-1.0,0.0
2016-10-07,-0.1342469002289827,0.036027806659121704,0.136434059926447,-0.03171250224272348,0.0021871596974642406,0.004315304416398178,0.003915038802406977,0.19641180732701655,1.025,0.0,1.0294260383665235,1.8780123107393358,85.04880737420544,0.0018957238124999896,0.00028932365624999583,0.0015886087499999938,3.057875e-05,0.0012638158749999947,0.0009531652499999948,0.0025417739999999927,0.0044233555624999974,0.0009478619062499896,0.003812660999999995,0.00019929189583332707,0.0012708869999999927,0.0044233555624999974,0.0008756726128437052,5.724399487499896e-05,0.0008111179483333042,-6.503049583333334e-06,0.0005839048506562301,0.00048683496291665,0.0012979529112499657,0.0020434823141562155,0.0004380209695624906,0.001946929366874976,2.5003286041666665e-05,0.0006489764556249656,0.0020434823141562155,0.003253541307499998,0.005774478225100032,0.0016718997348229032,0.0018707862518124927,35.0,11.5,4.0,9.0,-1.1564823173178714e-17,-0.433883739117558,-1.0,0.0
2016-10-08,-0.13251041887493467,0.03592302286039284,0.13465626358585014,-0.03171221119425439,0.002145844710915424,0.004210811666138405,0.0038670581990566783,0.19401225922305576,1.025,0.0,1.029281220411227,1.8558129401807522,84.00977256638903,0.0021690112577319536,0.00018119560824742166,0.0015896813402061743,3.0610123711340204e-05,0.0014460075051546297,0.0009538088041237021,0.0025434901443298864,0.005061026268041236,0.0010845056288659742,0.003815235216494836,0.0002116297319587557,0.001271745072164938,0.005061026268041236,0.0009105496248762401,1.866513350515464e-05,0.0007940042647422341,-2.3954917525773198e-06,0.0006071610952886278,0.00047656328845359483,0.0012705675531958485,0.0021248718154535753,0.0004554668304948268,0.0019058513297937928,2.367467113401856e-05,0.0006352837765979103,0.0021248718154535753,0.004101289882886594,0.006730045745784587,0.0018273864900721557,0.0023582416826597816,35.98969072164948,11.381443298969073,5.0,9.0,-1.1445598192011922e-17,-0.9749279121818237,-1.0,1.0
2016-10-09,-0.1342145462752733,0.03602164697583029,0.13639956248878118,-0.03171177015129633,0.0021850162135078396,0.0043098768245339114,0.00391404023633679,0.19636192130356922,1.025,0.0,1.0294238885330205,1.877592003900536,85.02720609240585,0.0018160526249999915,0.00041337374999999584,0.001647068333333326,8.099902083333125e-05,0.001210701749999997,0.0009882409999999947,0.0026353093333333303,0.004237456124999996,0.0009080263124999916,0.003952963999999995,0.00023147829166666147,0.0013176546666666634,0.004237456124999996,0.0008402174444791249,6.132948072916563e-05,0.0008204798864166364,1.4289125e-06,0.0005602630871874761,0.0004924540208958145,0.0013129339073124707,0.001960743618854131,0.00042028590854165625,0.001969400860968721,2.494483427083229e-05,0.0006564669536562208,0.001960743618854131,0.004053571092083327,0.0069728921896086565,0.0016428758624687384,0.0023308033779479084,36.0,11.5,6.0,9.0,-1.1564823173178714e-17,-0.7818314824680299,-1.0,1.0
2016-10-10,-0.13649409068249638,0.036155407259627736,0.1387314429849344,-0.03171317164418064,0.002237352302437975,0.004442235615447056,0.003976907869330858,0.199506044216103,1.025,0.0,1.0296142971238942,1.9067356168292795,86.38865124984335,0.0017081225624999896,0.0003612272187499906,0.0013989091145833207,0.00013138999999999688,0.0011387483749999937,0.0008393454687499916,0.002238254583333324,0.003985619312499995,0.0008540612812499896,0.0033573818749999917,0.00022346079166665834,0.0011191272916666573,0.003985619312499995,0.0008432257001249562,6.550989599999792e-05,0.000718811413666628,1.3385175729164584e-05,0.0005622690138749708,0.00043143235658331565,0.0011502437702499697,0.0019677637278749647,0.00042179067074998644,0.001725365655374975,2.775218156249896e-05,0.0005751218851249698,0.0019677637278749647,0.0021165874641666626,0.003996930572423156,0.001218056968302075,0.001217037791895826,36.0,11.5,0.0,9.0,-1.1564823173178714e-17,0.0,-1.0,0.0
2016-10-11,-0.133189605775107,0.03596496565119379,0.13535204177124108,-0.031712189855806504,0.0021624359961340436,0.004252775795387232,0.0038858583996214994,0.19495245355889232,1.025,0.0,1.0293377723729211,1.864495828784296,84.41688865605339,0.002039793937499997,0.00042956874999999583,0.0015527588020833249,0.00013754668749999582,0.0013598626249999937,0.0009316552812499906,0.0024844140833333228,0.0047595191874999975,0.0010198969687499968,0.0037266211249999907,0.0002798747291666625,0.0012422070416666562,0.0047595191874999975,0.0008809834058645438,3.928697889583125e-05,0.0007380728647499573,9.885829583333333e-06,0.0005874461259687281,0.0004429931263124802,0.001181065991062472,0.00205587565780205,0.0004406774860208219,0.0017715989865937217,3.9976032604164585e-05,0.0005905329955312219,0.00205587565780205,0.0031613555141666656,0.005653086068565561,0.0014726509098749948,0.0018177794206458292,36.0,11.5,1.0,9.0,-1.1564823173178714e-17,0.7818314824680298,-1.0,0.0
2016-10-12,-0.13328301450497923,0.03596793329762778,0.13544658055680625,-0.03171230426255648,0.002163566051826973,0.004255629035071242,0.0038883572558506656,0.1950774673599458,1.025,0.0,1.0293458459558853,1.865688392166125,84.47102121982137,0.0020717458749999916,0.00036597628124998956,0.0015242193229166605,0.00011968947916666666,0.0013811639166666594,0.0009145315937499969,0.0024387509166666596,0.004834073708333328,0.0010358729374999917,0.003658126374999997,0.00023080527083332606,0.001219375458333326,0.004834073708333328,0.0008836451991353698,3.496393477083229e-05,0.0007934504499999698,7.115480625e-06,0.0005892210290312271,0.0004762308874999844,0.001269681337499975,0.0020620872571978856,0.0004420089439791531,0.001904522006249976,3.096900395833229e-05,0.000634840668749975,0.0020620872571978856,0.0029384833791666638,0.004128075401637655,0.0014369996031874926,0.0016896279430208272,36.0,11.5,2.0,9.0,-1.1564823173178714e-17,0.9749279121818236,-1.0,0.0
2016-10-13,-0.13344497344937653,0.03597808021355213,0.13561238124769426,-0.03171273468002175,0.00216740779831767,0.004265345533530337,0.0038928382485621076,0.19530156257312806,1.025,0.0,1.0293592649014454,1.8677610315881614,84.56805729356255,0.0021236271874999885,0.0003093179687499896,0.0014489155729166614,0.00010049022916666459,0.0014157514583333303,0.0008693493437499938,0.0023182649166666592,0.0049551301041666565,0.0010618135937499886,0.0034773973749999934,0.00026717585416665936,0.0011591324583333262,0.0049551301041666565,0.0008681124323645354,3.415637995833229e-05,0.0007437340018332999,5.774044166666667e-06,0.0005788636674687239,0.0004463909545416437,0.0011901249563749676,0.002025839767302051,0.00043423928502081354,0.0017851874345624675,2.6377762604164586e-05,0.0005950624781874677,0.002025839767302051,0.0038099343287499956,0.006436419864800063,0.0018825018991354104,0.0021907122390312397,36.0,11.5,3.0,9.0,-1.1564823173178714e-17,0.43388373911755823,-1.0,0.0
2016-10-14,-0.13278620533526525,0.0359360562843399,0.1349371959043549,-0.031712236200233945,0.0021509905690896072,0.004223820084105904,0.003874574903806603,0.1943882300185641,1.025,0.0,1.0293046212753023,1.8593357201962748,84.17257269638466,0.002182745443298959,0.000334753917525767,0.0014842675773195815,9.344767010308969e-05,0.0014551636288659751,0.0008905605463917485,0.002374828123711337,0.005093072701030922,0.0010913727216494743,0.0035622421855670064,0.00029503053608246596,0.001187414061855667,0.005093072701030922,0.0009081104525154217,4.819104367009897e-05,0.0007663951853195535,9.524182989690721e-06,0.0006055346374638928,0.00045999225191750926,0.001226387437237072,0.0021191797274432724,0.00045424672993812064,0.0018395811558556434,3.565673958762887e-05,0.0006131937186185154,0.0021191797274432724,0.0025542080391752556,0.0051409265647309795,0.0015699148443711279,0.0014686696225257628,36.98969072164948,11.381443298969073,4.0,9.0,-1.1445598192011922e-17,-0.433883739117558,-1.0,0.0
2016-10-15,-0.13033656529943263,0.0357975941373733,0.13243291831586182,-0.03171194551715788,0.002096353016429142,0.004085648620215381,0.0038071617994960218,0.1910167025590698,1.025,0.0,1.0290992804551429,1.828027053889464,82.71265848164522,0.0024562281249999917,0.0003232333437499948,0.001587747552083325,5.803570833333229e-05,0.0016374854166666625,0.0009526485312499958,0.00254039608333333,0.005731198958333326,0.0012281140624999917,0.0038105941249999956,0.00031595274999999477,0.0012701980416666636,0.005731198958333326,0.0009114306517603678,4.494007260416458e-05,0.0008068676340832999,3.5286008333333332e-06,0.0006077485704062188,0.0004842839139791448,0.0012911515480624625,0.0021269277925728813,0.0004559075297291511,0.0019367273220937207,3.0413395312497917e-05,0.0006455757740312125,0.0021269277925728813,0.0010000955120833324,0.0023526125014882503,0.0005087508128854125,0.0005750549194479114,37.0,11.5,5.0,9.0,-1.1564823173178714e-17,-0.9749279121818236,-1.0,1.0
2016-10-16,-0.1318119753746483,0.03588013743938329,0.13394109162028892,-0.03171163557709592,0.00212911624564055,0.00416850186228732,0.0038477485594792028,0.19304657329144223,1.025,0.0,1.0292231066655442,1.8468812429961863,83.59161829196175,0.002194175437499993,0.00047639624999999274,0.001612311614583324,8.33333958333323e-05,0.0014627836249999939,0.000967386968749997,0.002579698583333326,0.005119742687499997,0.0010970877187499927,0.003869547874999997,0.0002635766666666594,0.0012898492916666594,0.005119742687499997,0.0009298663869582812,4.004705664583125e-05,0.0008016032819166312,1.1897984270833333e-05,0.0006200416523749667,0.0004811242370208187,0.0012827275189374583,0.002169949691708301,0.00046512928508331356,0.001924091278406227,3.260662458333125e-05,0.0006413637594687083,0.002169949691708301,0.003276540553333332,0.005013543274974563,0.0016064936135104081,0.0018840108181666605,37.0,11.5,6.0,9.0,-1.1564823173178714e-17,-0.7818314824680299,-1.0,1.0
2016-10-17,-0.1333437977256556,0.035968673626258954,0.13550672487157253,-0.03171466919916297,0.0021629271459168843,0.0042540044270959225,0.0038899036209657407,0.19515487816106236,1.025,0.0,1.0293509666864888,1.8664741486410008,84.5045410799685,0.0025018553124999928,0.00024154624999999375,0.0010719099999999947,0.00014758399999999791,0.0016679035416666615,0.0006431459999999969,0.001715055999999997,0.005837662395833331,0.0012509276562499927,0.002572583999999997,0.00021681891666665832,0.0008575279999999968,0.005837662395833331,0.0008911968094374468,4.166226510416459e-05,0.0006518488491666395,1.2568677812500001e-05,0.000594256497562474,0.0003912412627083187,0.001043090111874973,0.0020797098045624656,0.00044578634162498643,0.0015646351678124729,2.3453404791665625e-05,0.0005215450559374729,0.0020797098045624656,0.003026757626666663,0.004479228095711625,0.0015186082440624927,0.001740385635333325,37.0,11.5,0.0,9.0,-1.1564823173178714e-17,0.0,-1.0,0.0
2016-10-18,-0.12926434045211896,0.03574310139337329,0.13133851075607803,-0.03171354130346604,0.0020741703039590044,0.004029560089907214,0.003777807992981356,0.18954855288055936,1.025,0.0,1.0290085266134619,1.8143356983905925,82.07693102257123,0.002778192874999995,0.0004324183124999906,0.001390535989583324,0.00013751758333332813,0.0018521285833333282,0.0008343215937499938,0.0022248575833333293,0.00648245004166666,0.0013890964374999948,0.0033372863749999934,0.00027966989583332497,0.0011124287916666625,0.00648245004166666,0.0009020284759582854,6.78377174999948e-05,0.0007779816427499656,1.7846947604164585e-05,0.0006014791313749708,0.0004669464718124854,0.001244928114562476,0.0021049867387083,0.0004512044590833177,0.00186739217184373,4.8281212083331244e-05,0.000622464057281226,0.0021049867387083,0.0027873648599999975,0.004534856510434312,0.0013316077629791604,0.0016027347944999935,37.0,11.5,1.0,9.0,-1.1564823173178714e-17,0.7818314824680298,-1.0,0.0
2016-10-19,-0.13021780346604037,0.035789825382718035,0.13231047022611517,-0.03171350337184747,0.002092666760074748,0.004076322010870524,0.003803816094835276,0.1908494218109973,1.025,0.0,1.0290892610595672,1.8265157954712576,82.64022379294781,0.002726793749999991,0.00036597631249999686,0.0013143346354166634,0.00011966037500000001,0.0018178624999999927,0.0007886007812499917,0.00210293541666666,0.006362518749999995,0.0013633968749999904,0.0031544031249999918,0.00023101010416665523,0.001051467708333327,0.006362518749999995,0.0009180567817291156,4.1614689208329166e-05,0.0007357155379166365,9.040126354165625e-06,0.0006121669219374708,0.00044157825302081977,0.001177293790937473,0.002142390625604126,0.00045922199204164474,0.0017659406864062334,2.8424808958330208e-05,0.0005886468954687229,0.002142390625604126,0.0019618030995833314,0.003585941970730031,0.0011602579931666572,0.0011280367822604073,37.0,11.5,2.0,9.0,-1.1564823173178714e-17,0.9749279121818236,-1.0,0.0
2016-10-20,-0.13200346817071104,0.03589148635850221,0.1341362761585759,-0.03171365077748143,0.0021328079878648095,0.004177835581020726,0.0038530039732351264,0.1933094222913808,1.025,0.0,1.0292388699621087,1.849338273971253,83.70543524761482,0.0025409561249999917,0.0001965237187499979,0.0012471110416666584,0.00015073529166666251,0.0016939707499999959,0.0007482666249999937,0.0019953776666666585,0.005928897624999995,0.0012704780624999917,0.0029930664999999936,0.00024329935416666146,0.000997688833333325,0.005928897624999995,0.0009303883033332854,3.453646824999896e-05,0.0007108663704999666,2.4874943958332293e-05,0.0006203896699999729,0.00042666372237498224,0.001137530092874972,0.0021711676433333,0.00046539035333331566,0.0017062951393124707,3.9712830937499995e-05,0.0005687650464374719,0.0021711676433333,0.0025249967608333324,0.004621800302381531,0.0010984619132187415,0.0014518731374791583,37.0,11.5,3.0,9.0,-1.1564823173178714e-17,0.43388373911755823,-1.0,0.0
2016-10-21,-0.13258970141090967,0.03592262098232316,0.13473528394698323,-0.03171248195668393,0.0021455825360734834,0.004210139025639193,0.0038691005100154334,0.19411447436173812,1.025,0.0,1.0292883750965072,1.8568235916023141,84.05403301976418,0.002287004312499993,0.0002106761249999979,0.0014156309374999876,0.0002120681874999979,0.0015246695416666581,0.0008493785624999916,0.0022650094999999925,0.005336343395833331,0.0011435021562499928,0.0033975142499999915,0.00022861060416666146,0.0011325047499999928,0.005336343395833331,0.0009213940136249396,3.3016238624998955e-05,0.0007635387088332958,3.872672166666667e-05,0.0006143922123749646,0.0004582777877916511,0.0012218164966249657,0.0021501784383749613,0.0004608913117499823,0.0018327247449374676,3.248968812499687e-05,0.0006109082483124656,0.0021501784383749613,0.0034007954891666636,0.005417488230970781,0.0016514259988333272,0.001955457406270829,37.0,11.5,4.0,9.0,-1.1564823173178714e-17,-0.433883739117558,-1.0,0.0
2016-10-22,-0.1319173425039172,0.035887167460820914,0.13404909922377425,-0.031711986694028554,0.002131756719856982,0.0041751807667923125,0.0038506796514313243,0.19319314851506209,1.025,0.0,1.0292317809148297,1.8482302735921274,83.65508722557185,0.002257710812499998,0.00014380696874999896,0.001566756770833325,0.00015931372916666667,0.0015051405416666623,0.0009400540624999939,0.002506810833333326,0.005267991895833325,0.0011288554062499978,0.0037602162499999936,0.0002686679999999948,0.0012534054166666593,0.005267991895833325,0.000933194925187447,1.3871530124998957e-05,0.0008305501793333,1.1664703854166666e-05,0.0006222611458124666,0.0004984982351666521,0.00132904841449997,0.0021777172168124625,0.0004667942561249844,0.001993572621749974,2.9272865729164586e-05,0.0006645242072499698,0.0021777172168124625,0.0,0.0,0.0,0.0,37.0,11.5,5.0,9.0,-1.1564823173178714e-17,-0.9749279121818236,-1.0,1.0
2016-10-23,-0.13276811723446272,0.03593472605827175,0.13491904253673714,-0.03171106972402567,0.002150925302274369,0.004223656334246025,0.0038740958819459825,0.19436425935250498,1.025,0.0,1.0293032731783318,1.8590988268228228,84.16219309350825,0.0019998815624999978,0.00016584340624999688,0.0016909189583333261,0.00020468612499999583,0.0013332543749999884,0.0010145513749999938,0.002705470333333324,0.004666390312499996,0.000999940781249998,0.004058205499999994,0.00030085433333332603,0.0013527351666666571,0.004666390312499996,0.0008842547437187156,2.0759867541664584e-05,0.0008419702243332989,3.368174052083229e-05,0.0005896274777812229,0.0005053525739166532,0.0013473227982499615,0.002063509699281224,0.0004423138448124833,0.0020209841973749666,4.249099760416354e-05,0.0006736613991249614,0.002063509699281224,8.868093333333332e-05,0.000339610111245,0.0,5.099153666666458e-05,37.0,11.5,6.0,9.0,-1.1564823173178714e-17,-0.7818314824680299,-1.0,1.0
2016-10-24,-0.13519911409764745,0.03608100529099617,0.1374064923346038,-0.03171457508907858,0.0022073782369562895,0.004366430201917545,0.003941188322554833,0.19771965485952028,1.025,0.0,1.029505700151797,1.8901911032283623,85.61512196791797,0.002160899124999994,0.00022321434374999896,0.0011382418749999938,0.00010165737499999895,0.0014405994166666574,0.0006829451249999938,0.0018211869999999926,0.005042097958333326,0.0010804495624999937,0.0027317804999999937,0.0002868678124999927,0.0009105934999999927,0.005042097958333326,0.0008993051354791198,1.800453010416458e-05,0.0006586398259999719,1.0352448020833333e-05,0.000599663188187475,0.00039531722349998226,0.001053957049499972,0.0020986315118541343,0.0004498422145416458,0.001580935574249978,2.7138096458330208e-05,0.0005269785247499719,0.0020986315118541343,0.0,0.0,0.0,0.0,37.0,11.5,0.0,9.0,-1.1564823173178714e-17,0.0,-1.0,0.0
2016-10-25,-0.13184228744759055,0.03588468230358831,0.13397272156864592,-0.03171284430827352,0.002130434121055338,0.004171837995314741,0.0038486451412473362,0.19309138279569182,1.025,0.0,1.0292251954919578,1.847276429108686,83.61102137646733,0.002407756948453602,0.00023797509278349795,0.001391958298969063,0.0001981864948453567,0.0016051712989690649,0.0008351749793814382,0.0022271332783505102,0.0056180995463917475,0.0012038784742267978,0.003340699917525768,0.0003031970309278258,0.0011135666391752527,0.0056180995463917475,0.0009049032717009783,2.7034026350515464e-05,0.0007347489545566711,2.028936639175155e-05,0.0006033960660309073,0.0004409981073401917,0.0011757470618968815,0.0021116954037628567,0.0004526424631958649,0.001763620592845341,2.957891123711031e-05,0.0005878735309484278,0.0021116954037628567,0.00040219312742267936,0.000839686674739268,0.00023020547534020414,0.00023126104826803916,37.98969072164948,11.381443298969073,1.0,9.0,-1.1445598192011922e-17,0.7818314824680298,-1.0,0.0
2016-10-26,-0.1329267310654,0.035946758119406896,0.1350815207189233,-0.031713327163893044,0.0021547896535232176,0.004233430955513798,0.00387850854110959,0.1945849283631325,1.025,0.0,1.0293159717641296,1.8611388479708086,84.25774557802394,0.0023425351874999966,0.00023238021874999793,0.0012907726562499926,0.00017868822916666352,0.0015616901249999916,0.0007744635937499937,0.0020652362499999906,0.005465915437499994,0.001171267593749997,0.0030978543749999934,0.000311505020833326,0.0010326181249999905,0.005465915437499994,0.0009240340480311978,2.8455772124996875e-05,0.0007251565760832989,9.594196145833333e-06,0.0006161526064687239,0.000435240738479151,0.001160397314562474,0.0021563392609687156,0.00046221188568748545,0.0017405959718437313,3.5004620208329164e-05,0.000580198657281224,0.0021563392609687156,0.003493438204999993,0.005581796367461062,0.0017610811253437426,0.0020087269678749917,38.0,11.5,2.0,9.0,-1.1564823173178714e-17,0.9749279121818236,-1.0,0.0
2016-10-27,-0.13473211303240026,0.03604794926979618,0.13692694435206323,-0.03171325915935238,0.0021948313196628855,0.004334690110443744,0.0039281803530264855,0.19706916578296105,1.025,0.0,1.029467434372695,1.8842112427946718,85.33345193532568,0.0020888466249999915,0.0002694244999999958,0.001285599583333329,0.0001082516458333302,0.0013925644166666612,0.0007713597499999968,0.002056959333333329,0.004873975458333326,0.0010444233124999916,0.003085438999999997,0.00026626862499999165,0.0010284796666666625,0.004873975458333326,0.0009101588325416145,3.311122981249792e-05,0.0007355628919166322,8.340260416666667e-06,0.0006069005121249739,0.00044148663452081663,0.001177049526437473,0.002123959856791631,0.0004552713519166448,0.0017655742896562283,3.289911385416563e-05,0.0005885247632187229,0.002123959856791631,0.0026910435095833306,0.004551507355308188,0.001304349443260403,0.0015473500180104114,38.0,11.5,3.0,9.0,-1.1564823173178714e-17,0.43388373911755823,-1.0,0.0
2016-10-28,-0.1325839035700461,0.035925215091252,0.13473044584580923,-0.03171264375664839,0.0021465422757630634,0.004212571334603564,0.003869018533765057,0.194110334421462,1.025,0.0,1.0292875478807302,1.8567525659550235,84.05224037303954,0.002290613874999996,0.00022102965624999583,0.001412332864583325,0.00012135270833333125,0.0015270759166666583,0.0008473997187499958,0.002259732583333329,0.005344765708333328,0.0011453069374999958,0.0033895988749999954,0.0003098372291666604,0.0011298662916666626,0.005344765708333328,0.0009076505368228719,2.4180242124997913e-05,0.0007452179160833041,2.1229686458333332e-05,0.0006052279623437292,0.00044728160347915733,0.001192499519562475,0.0021181064615103896,0.0004540166751041542,0.0017887492793437281,4.254945760416354e-05,0.000596249759781225,0.0021181064615103896,0.0028857887320833295,0.004422190206903468,0.0014356509095624916,0.0016593285209479125,38.0,11.5,4.0,9.0,-1.1564823173178714e-17,-0.433883739117558,-1.0,0.0
2016-10-29,-0.13478510594026813,0.036057534350812305,0.1369839862049199,-0.0317125914508063,0.0021988802646517075,0.004344942900005959,0.0039298396597507,0.19715204536430678,1.025,0.0,1.0294712265361585,1.8848905489848298,85.3693398467759,0.0019023463749999886,0.00015762715625,0.0014688749479166603,0.00023042133333332814,0.0012682309166666583,0.0008813249687499948,0.0023501999166666595,0.004438808208333327,0.0009511731874999886,0.0035252998749999947,0.00030202474999999583,0.001175099958333326,0.004438808208333327,0.0008906047756770302,2.332519789583333e-05,0.0008019392636666322,3.292356270833229e-05,0.0005938617251562229,0.0004813258940833198,0.0012832651577499635,0.0020783282259895478,0.0004454901998958187,0.001924897736624978,2.5997608020832293e-05,0.0006416325788749635,0.0020783282259895478,0.0013907980808333302,0.001943637116596594,0.0005558922120312427,0.0007997088964791604,38.0,11.5,5.0,9.0,-1.1564823173178714e-17,-0.9749279121818236,-1.0,1.0
2016-10-30,-0.13238839342010478,0.035917821636041326,0.13453229587648885,-0.03171191803633965,0.002143902456384034,0.004205903599701618,0.00386375362614106,0.19384695901436375,1.025,0.0,1.0292708366032646,1.8542533827518164,83.93819547639997,0.002147095360824737,0.0001726882268041237,0.0016048709278350453,0.0001628404948453567,0.0014313969072164907,0.0009629225567010248,0.0025677934845360763,0.0050098891752577285,0.001073547680412366,0.0038516902268041176,0.0002651742886597876,0.0012838967422680349,0.0050098891752577285,0.0009199243877731516,3.0466126948453607e-05,0.0008106070445360454,1.6133371855668043e-05,0.0006134122551958505,0.0004865283172164835,0.0012971353617525442,0.0021467488981649152,0.0004601561889072,0.0019457030426288352,2.5961102164947425e-05,0.0006485676808762556,0.0021467488981649152,0.0020567204028865966,0.002988406269965969,0.0009025527882680351,0.0011826142316597886,38.98969072164948,11.381443298969073,6.0,9.0,-1.1445598192011922e-17,-0.78183148246803,-1.0,1.0
2016-10-31,-0.13545199198646762,0.03609341561294195,0.13766453655171984,-0.031713922869145296,0.0022125445652521852,0.0043794927437966,0.003948121123319725,0.1980663942364684,1.025,0.0,1.0295271836713444,1.8934183328096068,85.76526452238268,0.002045495312499999,0.0003164419062499958,0.0012119574479166572,0.00013842216666666354,0.0013636635416666605,0.0007271744687499937,0.0019391319166666627,0.004772822395833332,0.001022747656249999,0.002908697874999994,0.0002173162083333281,0.0009695659583333292,0.004772822395833332,0.0009118602967186969,3.2683713874998955e-05,0.0006884661257499635,1.8605183020833334e-05,0.0006080350607812323,0.0004132190410624812,0.0011016851668124656,0.002127930418281207,0.0004561224428124844,0.0016525277502187207,1.886213052083229e-05,0.0005508425834062155,0.002127930418281207,0.0027079004087499988,0.0042378136767725625,0.0012456809050208262,0.0015570427350312386,39.0,11.5,0.0,9.0,-1.1564823173178714e-17,0.0,-1.0,0.0
2016-11-01,-0.13504548474464306,0.03606921627070333,0.13724829540413028,-0.03171434240560586,0.0022028106594871814,0.004354873865097415,0.00393688343138728,0.19750439333207448,1.025,0.0,1.0294931895100896,1.888224079233525,85.52191099230521,0.0021779606874999906,0.00023926668749999478,0.0011519407291666593,9.480037499999792e-05,0.0014519737916666553,0.0006911644374999948,0.0018431051666666562,0.005081908270833328,0.0010889803437499907,0.0027646577499999946,0.0002322096874999927,0.0009215525833333229,0.005081908270833328,0.000945408094374949,2.6365496541666666e-05,0.0006922280180832989,5.919832083333333e-06,0.000630404975624975,0.00041547693797914896,0.0011077049560624657,0.0022062180456249637,0.0004729034162499833,0.001661557434093721,4.0853352291663543e-05,0.0005538524780312156,0.0022062180456249637,0.0012009726441666656,0.0022852865169396565,0.0005213535411874938,0.0006905592703958271,39.0,11.5,1.0,10.0,-1.1564823173178714e-17,0.7818314824680298,-0.8660254037844387,0.0
2016-11-02,-0.13387212808067214,0.035997075565803734,0.13604620765998413,-0.03171487102541689,0.002174079579311926,0.0042822045403868,0.003904411287170778,0.19588046377456989,1.025,0.0,1.0293953986360511,1.873226085569305,84.8187288669275,0.0025078289374999914,0.0002553666874999979,0.0009683054687499885,0.00019631183333333334,0.001671885958333323,0.0005809832812499938,0.0015492887499999896,0.005851600854166656,0.0012539144687499916,0.0023239331249999937,0.000236510958333325,0.0007746443749999895,0.005851600854166656,0.0009219070881457876,1.5914291583333332e-05,0.0005918359178332979,1.8809323958332293e-05,0.0006147343341874801,0.00035522135554164687,0.0009470572733749666,0.002151375756520803,0.00046114795720831876,0.0014205859100624614,2.6348524374998958e-05,0.00047352863668746666,0.002151375756520803,0.0025068635633333273,0.0038438998093001248,0.0013347131479166583,0.001441446548916655,39.0,11.5,2.0,10.0,-1.1564823173178714e-17,0.9749279121818236,-0.8660254037844387,0.0
2016-11-03,-0.1339610967033917,0.03600626931420336,0.13613825388131393,-0.03171627631463419,0.0021771571779221773,0.004289992999569125,0.003906947224077817,0.19600725122698426,1.025,0.0,1.029402235691572,1.8743729746852307,84.8736294442635,0.0026584388124999947,0.00030974540624999274,0.0008082382291666625,8.747664583333229e-05,0.0017722925416666562,0.0004849429374999969,0.0012931811666666584,0.006203023895833326,0.0013292194062499948,0.0019397717499999969,0.00019057227083332917,0.000646590583333325,0.006203023895833326,0.0009363697682812053,4.660278283333125e-05,0.0005031080220832948,3.178597916666666e-06,0.000624378154218728,0.0003019666569791427,0.0008050746790624676,0.002185126076718722,0.0004683823471874885,0.0012076120185937197,2.0879946875e-05,0.0004025373395312177,0.002185126076718722,0.0026197057874999944,0.0036751656030643127,0.0012862123638854135,0.0015063308278124947,39.0,11.5,3.0,10.0,-1.1564823173178714e-17,0.43388373911755823,-0.8660254037844387,0.0
2016-11-04,-0.12949725837416606,0.03575110587299554,0.13157481267040694,-0.03171299690426588,0.002077554296240802,0.0040381089687296125,0.003784085739393723,0.18986258884472276,1.025,0.0,1.0290286868166225,1.8173058834179587,82.21291258390495,0.0027306931874999905,0.00032209334374999165,0.0014294761979166603,0.00017962193749999686,0.001820462124999993,0.0008576857187499926,0.0022871619166666595,0.0063716174374999915,0.0013653465937499907,0.0034307428749999927,0.00018834858333332605,0.001143580958333326,0.0063716174374999915,0.0009315943273020261,4.346744358333021e-05,0.0007553493414999709,1.9946603020832292e-05,0.0006211938555312312,0.00045336250962497814,0.0012087118511249707,0.0021739820383645477,0.0004659936196458073,0.001813067776687476,3.6145125104164584e-05,0.0006043559255624708,0.0021739820383645477,0.002696552167499998,0.003962234714929594,0.001339995466364571,0.0015505174963124917,39.0,11.5,4.0,10.0,-1.1564823173178714e-17,-0.433883739117558,-0.8660254037844387,0.0
2016-11-05,-0.1291527052656431,0.035730332484206415,0.1312227551696771,-0.031711200785610176,0.002070049904033947,0.0040191316985961865,0.0037745985538912164,0.1893881063200715,1.025,0.0,1.0290001507026394,1.812893002367736,82.00745562390507,0.0024644603749999884,0.00045564212499998955,0.0017566579687499884,0.0001351540416666625,0.001642973583333323,0.0010539947812499896,0.002810652749999993,0.005750407541666661,0.0012322301874999886,0.004215979124999989,0.00018123843749999585,0.0014053263749999928,0.005750407541666661,0.0009569764503541208,4.665024754166458e-05,0.0008785386154999625,1.0819017083333335e-05,0.0006381188393124843,0.0005273010111249812,0.0014058396266249773,0.00223321412897913,0.00047869003379165105,0.002108759439937473,2.877571708333125e-05,0.000702919813312477,0.00223321412897913,0.0003925964304166656,0.0008058628544127187,0.00019605932938541247,0.00022574294748958125,39.0,11.5,5.0,10.0,-1.1564823173178714e-17,-0.9749279121818236,-0.8660254037844387,1.0
2016-11-06,-0.13174421882155724,0.03587507273824945,0.1338710916988512,-0.03171224740229025,0.002126872877293921,0.004162825335959157,0.003845838703860172,0.19295108061712193,1.025,0.0,1.0292174916197943,1.8460171432595196,83.55026875104342,0.0023236270624999947,0.0003891527499999958,0.0014992342187499863,0.0001387429166666625,0.0015490847083333241,0.0008995405312499969,0.0023987747499999907,0.005421796479166658,0.0011618135312499948,0.0035981621249999967,0.000202949333333325,0.0011993873749999906,0.005421796479166658,0.0009812053288853718,4.503508849999687e-05,0.0008269655300832968,1.2393783333333333e-05,0.0006542748312812406,0.0004963467199791489,0.0013233122500624667,0.002289754991447883,0.000490809582479151,0.001984968375093722,2.757671927083229e-05,0.0006616561250312167,0.002289754991447883,0.0030118253783333305,0.004691133161402344,0.0014649237761249958,0.0017317995925416605,39.0,11.5,6.0,10.0,-1.1564823173178714e-17,-0.7818314824680299,-0.8660254037844387,1.0
